{
    "counter": {
        "ACTIVE": 3904,
        "INACTIVE": 1,
        "INVALID": 0,
        "MALICIOUS": 0,
        "SANE": 0,
        "VALID": 0,
        "total": 3905
    },
    "percentage": {
        "ACTIVE": 99.97439180537772,
        "INACTIVE": 0.0664451827242525,
        "INVALID": 0,
        "MALICIOUS": 0,
        "SANE": 0,
        "VALID": 0,
        "total": 100.04083698810197
    }
}