{
    "counter": {
        "ACTIVE": 6475,
        "INACTIVE": 1,
        "INVALID": 0,
        "MALICIOUS": 0,
        "SANE": 0,
        "VALID": 0,
        "total": 6476
    },
    "percentage": {
        "ACTIVE": 99.98455836936381,
        "INACTIVE": 0.015878056525881232,
        "INVALID": 0,
        "MALICIOUS": 0,
        "SANE": 0,
        "VALID": 0,
        "total": 100.00043642588969
    }
}