{
    "counter": {
        "ACTIVE": 2383,
        "INACTIVE": 1,
        "INVALID": 0,
        "MALICIOUS": 0,
        "SANE": 0,
        "VALID": 0,
        "total": 2384
    },
    "percentage": {
        "ACTIVE": 99.95805369127517,
        "INACTIVE": 0.0664451827242525,
        "INVALID": 0,
        "MALICIOUS": 0,
        "SANE": 0,
        "VALID": 0,
        "total": 100.02449887399942
    }
}