{
    "counter": {
        "ACTIVE": 8647,
        "INACTIVE": 81,
        "INVALID": 0,
        "MALICIOUS": 0,
        "SANE": 0,
        "VALID": 0,
        "total": 8728
    },
    "percentage": {
        "ACTIVE": 99.07195233730522,
        "INACTIVE": 0.9480337078651685,
        "INVALID": 0,
        "MALICIOUS": 0,
        "SANE": 0,
        "VALID": 0,
        "total": 100.01998604517038
    }
}