{
    "counter": {
        "ACTIVE": 774,
        "INACTIVE": 1,
        "INVALID": 0,
        "MALICIOUS": 0,
        "SANE": 0,
        "VALID": 0,
        "total": 775
    },
    "percentage": {
        "ACTIVE": 99.87096774193549,
        "INACTIVE": 0.17543859649122806,
        "INVALID": 0,
        "MALICIOUS": 0,
        "SANE": 0,
        "VALID": 0,
        "total": 100.04640633842672
    }
}