{
    "counter": {
        "ACTIVE": 5629,
        "INACTIVE": 1,
        "INVALID": 0,
        "MALICIOUS": 0,
        "SANE": 0,
        "VALID": 0,
        "total": 5630
    },
    "percentage": {
        "ACTIVE": 99.9822380106572,
        "INACTIVE": 0.3472222222222222,
        "INVALID": 0,
        "MALICIOUS": 0,
        "SANE": 0,
        "VALID": 0,
        "total": 100.32946023287943
    }
}