{
    "counter": {
        "ACTIVE": 8355,
        "INACTIVE": 79,
        "INVALID": 0,
        "MALICIOUS": 0,
        "SANE": 0,
        "VALID": 0,
        "total": 8434
    },
    "percentage": {
        "ACTIVE": 99.06331515295234,
        "INACTIVE": 0.9473557980573211,
        "INVALID": 0,
        "MALICIOUS": 0,
        "SANE": 0,
        "VALID": 0,
        "total": 100.01067095100966
    }
}