{
    "counter": {
        "ACTIVE": 3042,
        "INACTIVE": 28,
        "INVALID": 0,
        "MALICIOUS": 0,
        "SANE": 0,
        "VALID": 0,
        "total": 3070
    },
    "percentage": {
        "ACTIVE": 99.08794788273616,
        "INACTIVE": 0.9201445941505094,
        "INVALID": 0,
        "MALICIOUS": 0,
        "SANE": 0,
        "VALID": 0,
        "total": 100.00809247688667
    }
}