{
    "counter": {
        "ACTIVE": 7966,
        "INACTIVE": 2,
        "INVALID": 0,
        "MALICIOUS": 0,
        "SANE": 0,
        "VALID": 0,
        "total": 7968
    },
    "percentage": {
        "ACTIVE": 99.97489959839358,
        "INACTIVE": 0.03447087211306446,
        "INVALID": 0,
        "MALICIOUS": 0,
        "SANE": 0,
        "VALID": 0,
        "total": 100.00937047050664
    }
}