{
    "counter": {
        "ACTIVE": 435,
        "INACTIVE": 1,
        "INVALID": 0,
        "MALICIOUS": 0,
        "SANE": 0,
        "VALID": 0,
        "total": 436
    },
    "percentage": {
        "ACTIVE": 99.77064220183486,
        "INACTIVE": 0.33112582781456956,
        "INVALID": 0,
        "MALICIOUS": 0,
        "SANE": 0,
        "VALID": 0,
        "total": 100.10176802964943
    }
}