{
    "counter": {
        "ACTIVE": 5598,
        "INACTIVE": 4,
        "INVALID": 0,
        "MALICIOUS": 0,
        "SANE": 0,
        "VALID": 0,
        "total": 5602
    },
    "percentage": {
        "ACTIVE": 99.92859692966798,
        "INACTIVE": 0.09551098376313276,
        "INVALID": 0,
        "MALICIOUS": 0,
        "SANE": 0,
        "VALID": 0,
        "total": 100.02410791343111
    }
}