{
    "counter": {
        "ACTIVE": 8556,
        "INACTIVE": 13,
        "INVALID": 0,
        "MALICIOUS": 0,
        "SANE": 0,
        "VALID": 0,
        "total": 8569
    },
    "percentage": {
        "ACTIVE": 99.8482903489322,
        "INACTIVE": 0.1550202718817076,
        "INVALID": 0,
        "MALICIOUS": 0,
        "SANE": 0,
        "VALID": 0,
        "total": 100.0033106208139
    }
}