{
    "counter": {
        "ACTIVE": 8625,
        "INACTIVE": 2,
        "INVALID": 0,
        "MALICIOUS": 0,
        "SANE": 0,
        "VALID": 0,
        "total": 8627
    },
    "percentage": {
        "ACTIVE": 99.97681696997797,
        "INACTIVE": 0.024360535931790498,
        "INVALID": 0,
        "MALICIOUS": 0,
        "SANE": 0,
        "VALID": 0,
        "total": 100.00117750590977
    }
}