{
    "counter": {
        "ACTIVE": 7180,
        "INACTIVE": 2,
        "INVALID": 0,
        "MALICIOUS": 0,
        "SANE": 0,
        "VALID": 0,
        "total": 7182
    },
    "percentage": {
        "ACTIVE": 99.97215260373154,
        "INACTIVE": 0.028038693396887707,
        "INVALID": 0,
        "MALICIOUS": 0,
        "SANE": 0,
        "VALID": 0,
        "total": 100.00019129712844
    }
}