{
    "counter": {
        "ACTIVE": 6474,
        "INACTIVE": 1,
        "INVALID": 0,
        "MALICIOUS": 0,
        "SANE": 0,
        "VALID": 0,
        "total": 6475
    },
    "percentage": {
        "ACTIVE": 99.98455598455598,
        "INACTIVE": 0.0664451827242525,
        "INVALID": 0,
        "MALICIOUS": 0,
        "SANE": 0,
        "VALID": 0,
        "total": 100.05100116728023
    }
}