{
    "counter": {
        "ACTIVE": 8197,
        "INACTIVE": 2,
        "INVALID": 0,
        "MALICIOUS": 0,
        "SANE": 0,
        "VALID": 0,
        "total": 8199
    },
    "percentage": {
        "ACTIVE": 99.9756067813148,
        "INACTIVE": 0.02492833104823632,
        "INVALID": 0,
        "MALICIOUS": 0,
        "SANE": 0,
        "VALID": 0,
        "total": 100.00053511236302
    }
}