{
    "counter": {
        "ACTIVE": 783,
        "INACTIVE": 1,
        "INVALID": 0,
        "MALICIOUS": 0,
        "SANE": 0,
        "VALID": 0,
        "total": 784
    },
    "percentage": {
        "ACTIVE": 99.87244897959184,
        "INACTIVE": 0.3472222222222222,
        "INVALID": 0,
        "MALICIOUS": 0,
        "SANE": 0,
        "VALID": 0,
        "total": 100.21967120181407
    }
}