{
    "counter": {
        "ACTIVE": 7879,
        "INACTIVE": 73,
        "INVALID": 0,
        "MALICIOUS": 0,
        "SANE": 0,
        "VALID": 0,
        "total": 7952
    },
    "percentage": {
        "ACTIVE": 99.08199195171026,
        "INACTIVE": 0.9324307063481926,
        "INVALID": 0,
        "MALICIOUS": 0,
        "SANE": 0,
        "VALID": 0,
        "total": 100.01442265805846
    }
}