{
    "counter": {
        "ACTIVE": 6930,
        "INACTIVE": 1,
        "INVALID": 0,
        "MALICIOUS": 0,
        "SANE": 0,
        "VALID": 0,
        "total": 6931
    },
    "percentage": {
        "ACTIVE": 99.98557206752272,
        "INACTIVE": 0.09871668311944719,
        "INVALID": 0,
        "MALICIOUS": 0,
        "SANE": 0,
        "VALID": 0,
        "total": 100.08428875064217
    }
}