{
    "counter": {
        "ACTIVE": 7693,
        "INACTIVE": 2,
        "INVALID": 0,
        "MALICIOUS": 0,
        "SANE": 0,
        "VALID": 0,
        "total": 7695
    },
    "percentage": {
        "ACTIVE": 99.97400909681612,
        "INACTIVE": 0.028038693396887707,
        "INVALID": 0,
        "MALICIOUS": 0,
        "SANE": 0,
        "VALID": 0,
        "total": 100.00204779021301
    }
}