{
    "counter": {
        "ACTIVE": 3611,
        "INACTIVE": 3,
        "INVALID": 0,
        "MALICIOUS": 0,
        "SANE": 0,
        "VALID": 0,
        "total": 3614
    },
    "percentage": {
        "ACTIVE": 99.91698948533481,
        "INACTIVE": 0.14492753623188406,
        "INVALID": 0,
        "MALICIOUS": 0,
        "SANE": 0,
        "VALID": 0,
        "total": 100.0619170215667
    }
}