{
    "counter": {
        "ACTIVE": 450,
        "INACTIVE": 1,
        "INVALID": 0,
        "MALICIOUS": 0,
        "SANE": 0,
        "VALID": 0,
        "total": 451
    },
    "percentage": {
        "ACTIVE": 99.77827050997783,
        "INACTIVE": 0.3472222222222222,
        "INVALID": 0,
        "MALICIOUS": 0,
        "SANE": 0,
        "VALID": 0,
        "total": 100.12549273220006
    }
}