{
    "counter": {
        "ACTIVE": 1763,
        "INACTIVE": 1,
        "INVALID": 0,
        "MALICIOUS": 0,
        "SANE": 0,
        "VALID": 0,
        "total": 1764
    },
    "percentage": {
        "ACTIVE": 99.94331065759637,
        "INACTIVE": 0.0664451827242525,
        "INVALID": 0,
        "MALICIOUS": 0,
        "SANE": 0,
        "VALID": 0,
        "total": 100.00975584032062
    }
}