{
    "counter": {
        "ACTIVE": 324,
        "INACTIVE": 1,
        "INVALID": 0,
        "MALICIOUS": 0,
        "SANE": 0,
        "VALID": 0,
        "total": 325
    },
    "percentage": {
        "ACTIVE": 99.6923076923077,
        "INACTIVE": 0.4716981132075472,
        "INVALID": 0,
        "MALICIOUS": 0,
        "SANE": 0,
        "VALID": 0,
        "total": 100.16400580551525
    }
}