{
    "counter": {
        "ACTIVE": 2696,
        "INACTIVE": 3,
        "INVALID": 0,
        "MALICIOUS": 0,
        "SANE": 0,
        "VALID": 0,
        "total": 2699
    },
    "percentage": {
        "ACTIVE": 99.88884772137828,
        "INACTIVE": 0.14492753623188406,
        "INVALID": 0,
        "MALICIOUS": 0,
        "SANE": 0,
        "VALID": 0,
        "total": 100.03377525761017
    }
}