{
    "counter": {
        "ACTIVE": 6949,
        "INACTIVE": 1,
        "INVALID": 0,
        "MALICIOUS": 0,
        "SANE": 0,
        "VALID": 0,
        "total": 6950
    },
    "percentage": {
        "ACTIVE": 99.98561151079137,
        "INACTIVE": 0.029420417769932334,
        "INVALID": 0,
        "MALICIOUS": 0,
        "SANE": 0,
        "VALID": 0,
        "total": 100.0150319285613
    }
}