{
    "counter": {
        "ACTIVE": 8641,
        "INACTIVE": 1,
        "INVALID": 0,
        "MALICIOUS": 0,
        "SANE": 0,
        "VALID": 0,
        "total": 8642
    },
    "percentage": {
        "ACTIVE": 99.9884286044897,
        "INACTIVE": 0.012269938650306749,
        "INVALID": 0,
        "MALICIOUS": 0,
        "SANE": 0,
        "VALID": 0,
        "total": 100.00069854314
    }
}