{
    "counter": {
        "ACTIVE": 4650,
        "INACTIVE": 46,
        "INVALID": 0,
        "MALICIOUS": 0,
        "SANE": 0,
        "VALID": 0,
        "total": 4696
    },
    "percentage": {
        "ACTIVE": 99.02044293015332,
        "INACTIVE": 0.9843783436764392,
        "INVALID": 0,
        "MALICIOUS": 0,
        "SANE": 0,
        "VALID": 0,
        "total": 100.00482127382976
    }
}