{
    "counter": {
        "ACTIVE": 6683,
        "INACTIVE": 4,
        "INVALID": 0,
        "MALICIOUS": 0,
        "SANE": 0,
        "VALID": 0,
        "total": 6687
    },
    "percentage": {
        "ACTIVE": 99.94018244354719,
        "INACTIVE": 0.09551098376313276,
        "INVALID": 0,
        "MALICIOUS": 0,
        "SANE": 0,
        "VALID": 0,
        "total": 100.03569342731032
    }
}