{
    "counter": {
        "ACTIVE": 4198,
        "INACTIVE": 1,
        "INVALID": 0,
        "MALICIOUS": 0,
        "SANE": 0,
        "VALID": 0,
        "total": 4199
    },
    "percentage": {
        "ACTIVE": 99.97618480590617,
        "INACTIVE": 0.025853154084798345,
        "INVALID": 0,
        "MALICIOUS": 0,
        "SANE": 0,
        "VALID": 0,
        "total": 100.00203795999097
    }
}