{
    "counter": {
        "ACTIVE": 6713,
        "INACTIVE": 1,
        "INVALID": 0,
        "MALICIOUS": 0,
        "SANE": 0,
        "VALID": 0,
        "total": 6714
    },
    "percentage": {
        "ACTIVE": 99.98510574918082,
        "INACTIVE": 0.3472222222222222,
        "INVALID": 0,
        "MALICIOUS": 0,
        "SANE": 0,
        "VALID": 0,
        "total": 100.33232797140305
    }
}