{
    "counter": {
        "ACTIVE": 8631,
        "INACTIVE": 2,
        "INVALID": 0,
        "MALICIOUS": 0,
        "SANE": 0,
        "VALID": 0,
        "total": 8633
    },
    "percentage": {
        "ACTIVE": 99.9768330823584,
        "INACTIVE": 0.02403268445085316,
        "INVALID": 0,
        "MALICIOUS": 0,
        "SANE": 0,
        "VALID": 0,
        "total": 100.00086576680926
    }
}