{
    "counter": {
        "ACTIVE": 5594,
        "INACTIVE": 1,
        "INVALID": 0,
        "MALICIOUS": 0,
        "SANE": 0,
        "VALID": 0,
        "total": 5595
    },
    "percentage": {
        "ACTIVE": 99.98212689901698,
        "INACTIVE": 0.018218254691200583,
        "INVALID": 0,
        "MALICIOUS": 0,
        "SANE": 0,
        "VALID": 0,
        "total": 100.00034515370818
    }
}