{
    "counter": {
        "ACTIVE": 2726,
        "INACTIVE": 23,
        "INVALID": 0,
        "MALICIOUS": 0,
        "SANE": 0,
        "VALID": 0,
        "total": 2749
    },
    "percentage": {
        "ACTIVE": 99.16333212077119,
        "INACTIVE": 0.8601346297681376,
        "INVALID": 0,
        "MALICIOUS": 0,
        "SANE": 0,
        "VALID": 0,
        "total": 100.02346675053933
    }
}