{
    "counter": {
        "ACTIVE": 3676,
        "INACTIVE": 37,
        "INVALID": 0,
        "MALICIOUS": 0,
        "SANE": 0,
        "VALID": 0,
        "total": 3713
    },
    "percentage": {
        "ACTIVE": 99.00350121195798,
        "INACTIVE": 0.9981116806042623,
        "INVALID": 0,
        "MALICIOUS": 0,
        "SANE": 0,
        "VALID": 0,
        "total": 100.00161289256225
    }
}