{
    "counter": {
        "ACTIVE": 7933,
        "INACTIVE": 1,
        "INVALID": 0,
        "MALICIOUS": 0,
        "SANE": 0,
        "VALID": 0,
        "total": 7934
    },
    "percentage": {
        "ACTIVE": 99.98739601714142,
        "INACTIVE": 0.018218254691200583,
        "INVALID": 0,
        "MALICIOUS": 0,
        "SANE": 0,
        "VALID": 0,
        "total": 100.00561427183263
    }
}