{
    "counter": {
        "ACTIVE": 8484,
        "INACTIVE": 0,
        "INVALID": 0,
        "MALICIOUS": 0,
        "SANE": 0,
        "VALID": 0,
        "total": 8484
    },
    "percentage": {
        "ACTIVE": 99.987972095261,
        "INACTIVE": 0.012269938650306749,
        "INVALID": 0,
        "MALICIOUS": 0,
        "SANE": 0,
        "VALID": 0,
        "total": 100.0002420339113
    }
}