{
    "counter": {
        "ACTIVE": 8652,
        "INACTIVE": 1,
        "INVALID": 0,
        "MALICIOUS": 0,
        "SANE": 0,
        "VALID": 0,
        "total": 8653
    },
    "percentage": {
        "ACTIVE": 99.98844331445741,
        "INACTIVE": 0.029420417769932334,
        "INVALID": 0,
        "MALICIOUS": 0,
        "SANE": 0,
        "VALID": 0,
        "total": 100.01786373222734
    }
}