{
    "counter": {
        "ACTIVE": 7651,
        "INACTIVE": 3,
        "INVALID": 0,
        "MALICIOUS": 0,
        "SANE": 0,
        "VALID": 0,
        "total": 7654
    },
    "percentage": {
        "ACTIVE": 99.96080480794356,
        "INACTIVE": 0.04205804009533156,
        "INVALID": 0,
        "MALICIOUS": 0,
        "SANE": 0,
        "VALID": 0,
        "total": 100.00286284803889
    }
}