{
    "counter": {
        "ACTIVE": 3001,
        "INACTIVE": 1,
        "INVALID": 0,
        "MALICIOUS": 0,
        "SANE": 0,
        "VALID": 0,
        "total": 3002
    },
    "percentage": {
        "ACTIVE": 99.96668887408394,
        "INACTIVE": 0.0664451827242525,
        "INVALID": 0,
        "MALICIOUS": 0,
        "SANE": 0,
        "VALID": 0,
        "total": 100.0331340568082
    }
}