{
    "counter": {
        "ACTIVE": 8650,
        "INACTIVE": 2,
        "INVALID": 0,
        "MALICIOUS": 0,
        "SANE": 0,
        "VALID": 0,
        "total": 8652
    },
    "percentage": {
        "ACTIVE": 99.97688395746648,
        "INACTIVE": 0.02492833104823632,
        "INVALID": 0,
        "MALICIOUS": 0,
        "SANE": 0,
        "VALID": 0,
        "total": 100.00181228851471
    }
}