{
    "counter": {
        "ACTIVE": 5590,
        "INACTIVE": 1,
        "INVALID": 0,
        "MALICIOUS": 0,
        "SANE": 0,
        "VALID": 0,
        "total": 5591
    },
    "percentage": {
        "ACTIVE": 99.98211411196566,
        "INACTIVE": 0.029420417769932334,
        "INVALID": 0,
        "MALICIOUS": 0,
        "SANE": 0,
        "VALID": 0,
        "total": 100.01153452973558
    }
}