{
    "counter": {
        "ACTIVE": 8426,
        "INACTIVE": 3,
        "INVALID": 0,
        "MALICIOUS": 0,
        "SANE": 0,
        "VALID": 0,
        "total": 8429
    },
    "percentage": {
        "ACTIVE": 99.96440858939376,
        "INACTIVE": 0.14492753623188406,
        "INVALID": 0,
        "MALICIOUS": 0,
        "SANE": 0,
        "VALID": 0,
        "total": 100.10933612562565
    }
}