{
    "counter": {
        "ACTIVE": 2085,
        "INACTIVE": 1,
        "INVALID": 0,
        "MALICIOUS": 0,
        "SANE": 0,
        "VALID": 0,
        "total": 2086
    },
    "percentage": {
        "ACTIVE": 99.95206136145734,
        "INACTIVE": 0.0664451827242525,
        "INVALID": 0,
        "MALICIOUS": 0,
        "SANE": 0,
        "VALID": 0,
        "total": 100.01850654418159
    }
}