{
    "counter": {
        "ACTIVE": 8642,
        "INACTIVE": 1,
        "INVALID": 0,
        "MALICIOUS": 0,
        "SANE": 0,
        "VALID": 0,
        "total": 8643
    },
    "percentage": {
        "ACTIVE": 99.98842994330673,
        "INACTIVE": 0.01256913021618904,
        "INVALID": 0,
        "MALICIOUS": 0,
        "SANE": 0,
        "VALID": 0,
        "total": 100.00099907352292
    }
}