{
    "counter": {
        "ACTIVE": 4467,
        "INACTIVE": 4,
        "INVALID": 0,
        "MALICIOUS": 0,
        "SANE": 0,
        "VALID": 0,
        "total": 4471
    },
    "percentage": {
        "ACTIVE": 99.91053455602774,
        "INACTIVE": 0.09551098376313276,
        "INVALID": 0,
        "MALICIOUS": 0,
        "SANE": 0,
        "VALID": 0,
        "total": 100.00604553979088
    }
}