{
    "counter": {
        "ACTIVE": 6755,
        "INACTIVE": 1,
        "INVALID": 0,
        "MALICIOUS": 0,
        "SANE": 0,
        "VALID": 0,
        "total": 6756
    },
    "percentage": {
        "ACTIVE": 99.98519834221433,
        "INACTIVE": 0.015878056525881232,
        "INVALID": 0,
        "MALICIOUS": 0,
        "SANE": 0,
        "VALID": 0,
        "total": 100.00107639874021
    }
}