{
    "counter": {
        "ACTIVE": 1442,
        "INACTIVE": 1,
        "INVALID": 0,
        "MALICIOUS": 0,
        "SANE": 0,
        "VALID": 0,
        "total": 1443
    },
    "percentage": {
        "ACTIVE": 99.93069993069993,
        "INACTIVE": 0.33112582781456956,
        "INVALID": 0,
        "MALICIOUS": 0,
        "SANE": 0,
        "VALID": 0,
        "total": 100.2618257585145
    }
}