{
    "counter": {
        "ACTIVE": 5034,
        "INACTIVE": 4,
        "INVALID": 0,
        "MALICIOUS": 0,
        "SANE": 0,
        "VALID": 0,
        "total": 5038
    },
    "percentage": {
        "ACTIVE": 99.92060341405319,
        "INACTIVE": 0.09551098376313276,
        "INVALID": 0,
        "MALICIOUS": 0,
        "SANE": 0,
        "VALID": 0,
        "total": 100.01611439781632
    }
}