{
    "counter": {
        "ACTIVE": 6465,
        "INACTIVE": 1,
        "INVALID": 0,
        "MALICIOUS": 0,
        "SANE": 0,
        "VALID": 0,
        "total": 6466
    },
    "percentage": {
        "ACTIVE": 99.98453448809155,
        "INACTIVE": 0.01896813353566009,
        "INVALID": 0,
        "MALICIOUS": 0,
        "SANE": 0,
        "VALID": 0,
        "total": 100.00350262162722
    }
}