{
    "counter": {
        "ACTIVE": 3630,
        "INACTIVE": 1,
        "INVALID": 0,
        "MALICIOUS": 0,
        "SANE": 0,
        "VALID": 0,
        "total": 3631
    },
    "percentage": {
        "ACTIVE": 99.97245937758193,
        "INACTIVE": 0.3472222222222222,
        "INVALID": 0,
        "MALICIOUS": 0,
        "SANE": 0,
        "VALID": 0,
        "total": 100.31968159980416
    }
}