{
    "counter": {
        "ACTIVE": 7024,
        "INACTIVE": 1,
        "INVALID": 0,
        "MALICIOUS": 0,
        "SANE": 0,
        "VALID": 0,
        "total": 7025
    },
    "percentage": {
        "ACTIVE": 99.98576512455516,
        "INACTIVE": 0.0664451827242525,
        "INVALID": 0,
        "MALICIOUS": 0,
        "SANE": 0,
        "VALID": 0,
        "total": 100.05221030727941
    }
}