{
    "counter": {
        "ACTIVE": 1106,
        "INACTIVE": 2,
        "INVALID": 0,
        "MALICIOUS": 0,
        "SANE": 0,
        "VALID": 0,
        "total": 1108
    },
    "percentage": {
        "ACTIVE": 99.81949458483754,
        "INACTIVE": 0.4175365344467641,
        "INVALID": 0,
        "MALICIOUS": 0,
        "SANE": 0,
        "VALID": 0,
        "total": 100.23703111928431
    }
}