{
    "counter": {
        "ACTIVE": 8246,
        "INACTIVE": 3,
        "INVALID": 0,
        "MALICIOUS": 0,
        "SANE": 0,
        "VALID": 0,
        "total": 8249
    },
    "percentage": {
        "ACTIVE": 99.96363195538854,
        "INACTIVE": 0.14492753623188406,
        "INVALID": 0,
        "MALICIOUS": 0,
        "SANE": 0,
        "VALID": 0,
        "total": 100.10855949162043
    }
}