{
    "counter": {
        "ACTIVE": 7928,
        "INACTIVE": 0,
        "INVALID": 0,
        "MALICIOUS": 0,
        "SANE": 0,
        "VALID": 0,
        "total": 7928
    },
    "percentage": {
        "ACTIVE": 99.98699778962424,
        "INACTIVE": 0.018218254691200583,
        "INVALID": 0,
        "MALICIOUS": 0,
        "SANE": 0,
        "VALID": 0,
        "total": 100.00521604431545
    }
}