{
    "counter": {
        "ACTIVE": 7882,
        "INACTIVE": 4,
        "INVALID": 0,
        "MALICIOUS": 0,
        "SANE": 0,
        "VALID": 0,
        "total": 7886
    },
    "percentage": {
        "ACTIVE": 99.94927720010145,
        "INACTIVE": 0.05097489486427934,
        "INVALID": 0,
        "MALICIOUS": 0,
        "SANE": 0,
        "VALID": 0,
        "total": 100.00025209496573
    }
}