{
    "counter": {
        "ACTIVE": 7404,
        "INACTIVE": 3,
        "INVALID": 0,
        "MALICIOUS": 0,
        "SANE": 0,
        "VALID": 0,
        "total": 7407
    },
    "percentage": {
        "ACTIVE": 99.95949777237747,
        "INACTIVE": 0.04205804009533156,
        "INVALID": 0,
        "MALICIOUS": 0,
        "SANE": 0,
        "VALID": 0,
        "total": 100.0015558124728
    }
}