{
    "counter": {
        "ACTIVE": 4458,
        "INACTIVE": 1,
        "INVALID": 0,
        "MALICIOUS": 0,
        "SANE": 0,
        "VALID": 0,
        "total": 4459
    },
    "percentage": {
        "ACTIVE": 99.9775734469612,
        "INACTIVE": 0.09871668311944719,
        "INVALID": 0,
        "MALICIOUS": 0,
        "SANE": 0,
        "VALID": 0,
        "total": 100.07629013008065
    }
}