{
    "counter": {
        "ACTIVE": 6413,
        "INACTIVE": 4,
        "INVALID": 0,
        "MALICIOUS": 0,
        "SANE": 0,
        "VALID": 0,
        "total": 6417
    },
    "percentage": {
        "ACTIVE": 99.93766557581425,
        "INACTIVE": 0.09551098376313276,
        "INVALID": 0,
        "MALICIOUS": 0,
        "SANE": 0,
        "VALID": 0,
        "total": 100.03317655957738
    }
}