{
    "counter": {
        "ACTIVE": 1455,
        "INACTIVE": 1,
        "INVALID": 0,
        "MALICIOUS": 0,
        "SANE": 0,
        "VALID": 0,
        "total": 1456
    },
    "percentage": {
        "ACTIVE": 99.93131868131869,
        "INACTIVE": 0.3472222222222222,
        "INVALID": 0,
        "MALICIOUS": 0,
        "SANE": 0,
        "VALID": 0,
        "total": 100.27854090354091
    }
}