{
    "counter": {
        "ACTIVE": 3338,
        "INACTIVE": 1,
        "INVALID": 0,
        "MALICIOUS": 0,
        "SANE": 0,
        "VALID": 0,
        "total": 3339
    },
    "percentage": {
        "ACTIVE": 99.97005091344714,
        "INACTIVE": 0.3472222222222222,
        "INVALID": 0,
        "MALICIOUS": 0,
        "SANE": 0,
        "VALID": 0,
        "total": 100.31727313566937
    }
}