{
    "counter": {
        "ACTIVE": 8597,
        "INACTIVE": 1,
        "INVALID": 0,
        "MALICIOUS": 0,
        "SANE": 0,
        "VALID": 0,
        "total": 8598
    },
    "percentage": {
        "ACTIVE": 99.98836938822983,
        "INACTIVE": 0.016809547823163556,
        "INVALID": 0,
        "MALICIOUS": 0,
        "SANE": 0,
        "VALID": 0,
        "total": 100.00517893605299
    }
}