{
    "counter": {
        "ACTIVE": 8536,
        "INACTIVE": 1,
        "INVALID": 0,
        "MALICIOUS": 0,
        "SANE": 0,
        "VALID": 0,
        "total": 8537
    },
    "percentage": {
        "ACTIVE": 99.98828628323767,
        "INACTIVE": 0.029420417769932334,
        "INVALID": 0,
        "MALICIOUS": 0,
        "SANE": 0,
        "VALID": 0,
        "total": 100.0177067010076
    }
}