{
    "counter": {
        "ACTIVE": 8660,
        "INACTIVE": 1,
        "INVALID": 0,
        "MALICIOUS": 0,
        "SANE": 0,
        "VALID": 0,
        "total": 8661
    },
    "percentage": {
        "ACTIVE": 99.98845398914675,
        "INACTIVE": 0.01896813353566009,
        "INVALID": 0,
        "MALICIOUS": 0,
        "SANE": 0,
        "VALID": 0,
        "total": 100.00742212268241
    }
}