{
    "counter": {
        "ACTIVE": 6413,
        "INACTIVE": 1,
        "INVALID": 0,
        "MALICIOUS": 0,
        "SANE": 0,
        "VALID": 0,
        "total": 6414
    },
    "percentage": {
        "ACTIVE": 99.98440910508263,
        "INACTIVE": 0.029420417769932334,
        "INVALID": 0,
        "MALICIOUS": 0,
        "SANE": 0,
        "VALID": 0,
        "total": 100.01382952285256
    }
}