{
    "counter": {
        "ACTIVE": 4773,
        "INACTIVE": 3,
        "INVALID": 0,
        "MALICIOUS": 0,
        "SANE": 0,
        "VALID": 0,
        "total": 4776
    },
    "percentage": {
        "ACTIVE": 99.93718592964824,
        "INACTIVE": 0.14492753623188406,
        "INVALID": 0,
        "MALICIOUS": 0,
        "SANE": 0,
        "VALID": 0,
        "total": 100.08211346588013
    }
}