{
    "counter": {
        "ACTIVE": 7186,
        "INACTIVE": 1,
        "INVALID": 0,
        "MALICIOUS": 0,
        "SANE": 0,
        "VALID": 0,
        "total": 7187
    },
    "percentage": {
        "ACTIVE": 99.98608598859052,
        "INACTIVE": 0.018218254691200583,
        "INVALID": 0,
        "MALICIOUS": 0,
        "SANE": 0,
        "VALID": 0,
        "total": 100.00430424328172
    }
}