{
    "counter": {
        "ACTIVE": 7690,
        "INACTIVE": 3,
        "INVALID": 0,
        "MALICIOUS": 0,
        "SANE": 0,
        "VALID": 0,
        "total": 7693
    },
    "percentage": {
        "ACTIVE": 99.96100350968413,
        "INACTIVE": 0.04205804009533156,
        "INVALID": 0,
        "MALICIOUS": 0,
        "SANE": 0,
        "VALID": 0,
        "total": 100.00306154977946
    }
}