{
    "counter": {
        "ACTIVE": 5320,
        "INACTIVE": 4,
        "INVALID": 0,
        "MALICIOUS": 0,
        "SANE": 0,
        "VALID": 0,
        "total": 5324
    },
    "percentage": {
        "ACTIVE": 99.92486851990984,
        "INACTIVE": 0.09551098376313276,
        "INVALID": 0,
        "MALICIOUS": 0,
        "SANE": 0,
        "VALID": 0,
        "total": 100.02037950367297
    }
}