{
    "counter": {
        "ACTIVE": 5065,
        "INACTIVE": 3,
        "INVALID": 0,
        "MALICIOUS": 0,
        "SANE": 0,
        "VALID": 0,
        "total": 5068
    },
    "percentage": {
        "ACTIVE": 99.94080505130229,
        "INACTIVE": 0.14492753623188406,
        "INVALID": 0,
        "MALICIOUS": 0,
        "SANE": 0,
        "VALID": 0,
        "total": 100.08573258753418
    }
}