{
    "counter": {
        "ACTIVE": 4463,
        "INACTIVE": 1,
        "INVALID": 0,
        "MALICIOUS": 0,
        "SANE": 0,
        "VALID": 0,
        "total": 4464
    },
    "percentage": {
        "ACTIVE": 99.97759856630825,
        "INACTIVE": 0.09871668311944719,
        "INVALID": 0,
        "MALICIOUS": 0,
        "SANE": 0,
        "VALID": 0,
        "total": 100.0763152494277
    }
}