{
    "counter": {
        "ACTIVE": 1782,
        "INACTIVE": 8,
        "INVALID": 0,
        "MALICIOUS": 0,
        "SANE": 0,
        "VALID": 0,
        "total": 1790
    },
    "percentage": {
        "ACTIVE": 99.55307262569832,
        "INACTIVE": 0.5211726384364821,
        "INVALID": 0,
        "MALICIOUS": 0,
        "SANE": 0,
        "VALID": 0,
        "total": 100.0742452641348
    }
}