{
    "counter": {
        "ACTIVE": 3000,
        "INACTIVE": 3,
        "INVALID": 0,
        "MALICIOUS": 0,
        "SANE": 0,
        "VALID": 0,
        "total": 3003
    },
    "percentage": {
        "ACTIVE": 99.9000999000999,
        "INACTIVE": 0.14492753623188406,
        "INVALID": 0,
        "MALICIOUS": 0,
        "SANE": 0,
        "VALID": 0,
        "total": 100.0450274363318
    }
}