{
    "counter": {
        "ACTIVE": 6110,
        "INACTIVE": 2,
        "INVALID": 0,
        "MALICIOUS": 0,
        "SANE": 0,
        "VALID": 0,
        "total": 6112
    },
    "percentage": {
        "ACTIVE": 99.967277486911,
        "INACTIVE": 0.03447087211306446,
        "INVALID": 0,
        "MALICIOUS": 0,
        "SANE": 0,
        "VALID": 0,
        "total": 100.00174835902406
    }
}