{
    "counter": {
        "ACTIVE": 6607,
        "INACTIVE": 61,
        "INVALID": 0,
        "MALICIOUS": 0,
        "SANE": 0,
        "VALID": 0,
        "total": 6668
    },
    "percentage": {
        "ACTIVE": 99.08518296340732,
        "INACTIVE": 0.9179834462001505,
        "INVALID": 0,
        "MALICIOUS": 0,
        "SANE": 0,
        "VALID": 0,
        "total": 100.00316640960747
    }
}