{
    "counter": {
        "ACTIVE": 5936,
        "INACTIVE": 1,
        "INVALID": 0,
        "MALICIOUS": 0,
        "SANE": 0,
        "VALID": 0,
        "total": 5937
    },
    "percentage": {
        "ACTIVE": 99.98315647633486,
        "INACTIVE": 0.016869095816464237,
        "INVALID": 0,
        "MALICIOUS": 0,
        "SANE": 0,
        "VALID": 0,
        "total": 100.00002557215132
    }
}