{
    "counter": {
        "ACTIVE": 8144,
        "INACTIVE": 4,
        "INVALID": 0,
        "MALICIOUS": 0,
        "SANE": 0,
        "VALID": 0,
        "total": 8148
    },
    "percentage": {
        "ACTIVE": 99.95090819833088,
        "INACTIVE": 0.09551098376313276,
        "INVALID": 0,
        "MALICIOUS": 0,
        "SANE": 0,
        "VALID": 0,
        "total": 100.04641918209401
    }
}