{
    "counter": {
        "ACTIVE": 1779,
        "INACTIVE": 2,
        "INVALID": 0,
        "MALICIOUS": 0,
        "SANE": 0,
        "VALID": 0,
        "total": 1781
    },
    "percentage": {
        "ACTIVE": 99.88770353733858,
        "INACTIVE": 0.11862396204033215,
        "INVALID": 0,
        "MALICIOUS": 0,
        "SANE": 0,
        "VALID": 0,
        "total": 100.00632749937891
    }
}