{
    "counter": {
        "ACTIVE": 6480,
        "INACTIVE": 1,
        "INVALID": 0,
        "MALICIOUS": 0,
        "SANE": 0,
        "VALID": 0,
        "total": 6481
    },
    "percentage": {
        "ACTIVE": 99.98457028236383,
        "INACTIVE": 0.016869095816464237,
        "INVALID": 0,
        "MALICIOUS": 0,
        "SANE": 0,
        "VALID": 0,
        "total": 100.0014393781803
    }
}