{
    "counter": {
        "ACTIVE": 6402,
        "INACTIVE": 1,
        "INVALID": 0,
        "MALICIOUS": 0,
        "SANE": 0,
        "VALID": 0,
        "total": 6403
    },
    "percentage": {
        "ACTIVE": 99.98438232078713,
        "INACTIVE": 0.018218254691200583,
        "INVALID": 0,
        "MALICIOUS": 0,
        "SANE": 0,
        "VALID": 0,
        "total": 100.00260057547834
    }
}