{
    "counter": {
        "ACTIVE": 6443,
        "INACTIVE": 1,
        "INVALID": 0,
        "MALICIOUS": 0,
        "SANE": 0,
        "VALID": 0,
        "total": 6444
    },
    "percentage": {
        "ACTIVE": 99.98448168839231,
        "INACTIVE": 0.3472222222222222,
        "INVALID": 0,
        "MALICIOUS": 0,
        "SANE": 0,
        "VALID": 0,
        "total": 100.33170391061454
    }
}