{
    "counter": {
        "ACTIVE": 8040,
        "INACTIVE": 1,
        "INVALID": 0,
        "MALICIOUS": 0,
        "SANE": 0,
        "VALID": 0,
        "total": 8041
    },
    "percentage": {
        "ACTIVE": 99.98756373585375,
        "INACTIVE": 0.016854879487611663,
        "INVALID": 0,
        "MALICIOUS": 0,
        "SANE": 0,
        "VALID": 0,
        "total": 100.00441861534136
    }
}