{
    "counter": {
        "ACTIVE": 6947,
        "INACTIVE": 4,
        "INVALID": 0,
        "MALICIOUS": 0,
        "SANE": 0,
        "VALID": 0,
        "total": 6951
    },
    "percentage": {
        "ACTIVE": 99.94245432311898,
        "INACTIVE": 0.09551098376313276,
        "INVALID": 0,
        "MALICIOUS": 0,
        "SANE": 0,
        "VALID": 0,
        "total": 100.03796530688211
    }
}