{
    "counter": {
        "ACTIVE": 8484,
        "INACTIVE": 2,
        "INVALID": 0,
        "MALICIOUS": 0,
        "SANE": 0,
        "VALID": 0,
        "total": 8486
    },
    "percentage": {
        "ACTIVE": 99.97643176997407,
        "INACTIVE": 0.024360535931790498,
        "INVALID": 0,
        "MALICIOUS": 0,
        "SANE": 0,
        "VALID": 0,
        "total": 100.00079230590586
    }
}