{
    "counter": {
        "ACTIVE": 4748,
        "INACTIVE": 4,
        "INVALID": 0,
        "MALICIOUS": 0,
        "SANE": 0,
        "VALID": 0,
        "total": 4752
    },
    "percentage": {
        "ACTIVE": 99.91582491582491,
        "INACTIVE": 0.09551098376313276,
        "INVALID": 0,
        "MALICIOUS": 0,
        "SANE": 0,
        "VALID": 0,
        "total": 100.01133589958805
    }
}