{
    "counter": {
        "ACTIVE": 6463,
        "INACTIVE": 1,
        "INVALID": 0,
        "MALICIOUS": 0,
        "SANE": 0,
        "VALID": 0,
        "total": 6464
    },
    "percentage": {
        "ACTIVE": 99.98452970297029,
        "INACTIVE": 0.025853154084798345,
        "INVALID": 0,
        "MALICIOUS": 0,
        "SANE": 0,
        "VALID": 0,
        "total": 100.01038285705509
    }
}