{
    "counter": {
        "ACTIVE": 5027,
        "INACTIVE": 1,
        "INVALID": 0,
        "MALICIOUS": 0,
        "SANE": 0,
        "VALID": 0,
        "total": 5028
    },
    "percentage": {
        "ACTIVE": 99.98011137629275,
        "INACTIVE": 0.09871668311944719,
        "INVALID": 0,
        "MALICIOUS": 0,
        "SANE": 0,
        "VALID": 0,
        "total": 100.0788280594122
    }
}