{
    "counter": {
        "ACTIVE": 8656,
        "INACTIVE": 2,
        "INVALID": 0,
        "MALICIOUS": 0,
        "SANE": 0,
        "VALID": 0,
        "total": 8658
    },
    "percentage": {
        "ACTIVE": 99.97689997689997,
        "INACTIVE": 0.02403268445085316,
        "INVALID": 0,
        "MALICIOUS": 0,
        "SANE": 0,
        "VALID": 0,
        "total": 100.00093266135083
    }
}