{
    "counter": {
        "ACTIVE": 4152,
        "INACTIVE": 1,
        "INVALID": 0,
        "MALICIOUS": 0,
        "SANE": 0,
        "VALID": 0,
        "total": 4153
    },
    "percentage": {
        "ACTIVE": 99.97592102094872,
        "INACTIVE": 0.029420417769932334,
        "INVALID": 0,
        "MALICIOUS": 0,
        "SANE": 0,
        "VALID": 0,
        "total": 100.00534143871865
    }
}