{
    "counter": {
        "ACTIVE": 4775,
        "INACTIVE": 1,
        "INVALID": 0,
        "MALICIOUS": 0,
        "SANE": 0,
        "VALID": 0,
        "total": 4776
    },
    "percentage": {
        "ACTIVE": 99.97906197654942,
        "INACTIVE": 0.0664451827242525,
        "INVALID": 0,
        "MALICIOUS": 0,
        "SANE": 0,
        "VALID": 0,
        "total": 100.04550715927367
    }
}