{
    "counter": {
        "ACTIVE": 5307,
        "INACTIVE": 1,
        "INVALID": 0,
        "MALICIOUS": 0,
        "SANE": 0,
        "VALID": 0,
        "total": 5308
    },
    "percentage": {
        "ACTIVE": 99.98116051243406,
        "INACTIVE": 0.029420417769932334,
        "INVALID": 0,
        "MALICIOUS": 0,
        "SANE": 0,
        "VALID": 0,
        "total": 100.01058093020399
    }
}