{
    "counter": {
        "ACTIVE": 5863,
        "INACTIVE": 1,
        "INVALID": 0,
        "MALICIOUS": 0,
        "SANE": 0,
        "VALID": 0,
        "total": 5864
    },
    "percentage": {
        "ACTIVE": 99.98294679399727,
        "INACTIVE": 0.09871668311944719,
        "INVALID": 0,
        "MALICIOUS": 0,
        "SANE": 0,
        "VALID": 0,
        "total": 100.08166347711672
    }
}