{
    "counter": {
        "ACTIVE": 4175,
        "INACTIVE": 1,
        "INVALID": 0,
        "MALICIOUS": 0,
        "SANE": 0,
        "VALID": 0,
        "total": 4176
    },
    "percentage": {
        "ACTIVE": 99.97605363984674,
        "INACTIVE": 0.09871668311944719,
        "INVALID": 0,
        "MALICIOUS": 0,
        "SANE": 0,
        "VALID": 0,
        "total": 100.07477032296619
    }
}