{
    "counter": {
        "ACTIVE": 7923,
        "INACTIVE": 4,
        "INVALID": 0,
        "MALICIOUS": 0,
        "SANE": 0,
        "VALID": 0,
        "total": 7927
    },
    "percentage": {
        "ACTIVE": 99.94953954837897,
        "INACTIVE": 0.05097489486427934,
        "INVALID": 0,
        "MALICIOUS": 0,
        "SANE": 0,
        "VALID": 0,
        "total": 100.00051444324325
    }
}