{
    "counter": {
        "ACTIVE": 3896,
        "INACTIVE": 2,
        "INVALID": 0,
        "MALICIOUS": 0,
        "SANE": 0,
        "VALID": 0,
        "total": 3898
    },
    "percentage": {
        "ACTIVE": 99.94869163673678,
        "INACTIVE": 0.4175365344467641,
        "INVALID": 0,
        "MALICIOUS": 0,
        "SANE": 0,
        "VALID": 0,
        "total": 100.36622817118355
    }
}