{
    "counter": {
        "ACTIVE": 8092,
        "INACTIVE": 6,
        "INVALID": 0,
        "MALICIOUS": 0,
        "SANE": 0,
        "VALID": 0,
        "total": 8098
    },
    "percentage": {
        "ACTIVE": 99.92590763151395,
        "INACTIVE": 0.07413814407512666,
        "INVALID": 0,
        "MALICIOUS": 0,
        "SANE": 0,
        "VALID": 0,
        "total": 100.00004577558907
    }
}