{
    "counter": {
        "ACTIVE": 7019,
        "INACTIVE": 1,
        "INVALID": 0,
        "MALICIOUS": 0,
        "SANE": 0,
        "VALID": 0,
        "total": 7020
    },
    "percentage": {
        "ACTIVE": 99.98575498575498,
        "INACTIVE": 0.01896813353566009,
        "INVALID": 0,
        "MALICIOUS": 0,
        "SANE": 0,
        "VALID": 0,
        "total": 100.00472311929065
    }
}