{
    "counter": {
        "ACTIVE": 7264,
        "INACTIVE": 1,
        "INVALID": 0,
        "MALICIOUS": 0,
        "SANE": 0,
        "VALID": 0,
        "total": 7265
    },
    "percentage": {
        "ACTIVE": 99.98623537508603,
        "INACTIVE": 0.025853154084798345,
        "INVALID": 0,
        "MALICIOUS": 0,
        "SANE": 0,
        "VALID": 0,
        "total": 100.01208852917082
    }
}