{
    "counter": {
        "ACTIVE": 3923,
        "INACTIVE": 1,
        "INVALID": 0,
        "MALICIOUS": 0,
        "SANE": 0,
        "VALID": 0,
        "total": 3924
    },
    "percentage": {
        "ACTIVE": 99.97451580020387,
        "INACTIVE": 0.3472222222222222,
        "INVALID": 0,
        "MALICIOUS": 0,
        "SANE": 0,
        "VALID": 0,
        "total": 100.3217380224261
    }
}