{
    "counter": {
        "ACTIVE": 8021,
        "INACTIVE": 1,
        "INVALID": 0,
        "MALICIOUS": 0,
        "SANE": 0,
        "VALID": 0,
        "total": 8022
    },
    "percentage": {
        "ACTIVE": 99.987534280728,
        "INACTIVE": 0.016809547823163556,
        "INVALID": 0,
        "MALICIOUS": 0,
        "SANE": 0,
        "VALID": 0,
        "total": 100.00434382855116
    }
}