{
    "counter": {
        "ACTIVE": 5921,
        "INACTIVE": 1,
        "INVALID": 0,
        "MALICIOUS": 0,
        "SANE": 0,
        "VALID": 0,
        "total": 5922
    },
    "percentage": {
        "ACTIVE": 99.98311381290105,
        "INACTIVE": 0.0664451827242525,
        "INVALID": 0,
        "MALICIOUS": 0,
        "SANE": 0,
        "VALID": 0,
        "total": 100.0495589956253
    }
}