{
    "counter": {
        "ACTIVE": 7577,
        "INACTIVE": 3,
        "INVALID": 0,
        "MALICIOUS": 0,
        "SANE": 0,
        "VALID": 0,
        "total": 7580
    },
    "percentage": {
        "ACTIVE": 99.96042216358839,
        "INACTIVE": 0.14492753623188406,
        "INVALID": 0,
        "MALICIOUS": 0,
        "SANE": 0,
        "VALID": 0,
        "total": 100.10534969982028
    }
}