{
    "counter": {
        "ACTIVE": 7547,
        "INACTIVE": 1,
        "INVALID": 0,
        "MALICIOUS": 0,
        "SANE": 0,
        "VALID": 0,
        "total": 7548
    },
    "percentage": {
        "ACTIVE": 99.9867514573397,
        "INACTIVE": 0.016854879487611663,
        "INVALID": 0,
        "MALICIOUS": 0,
        "SANE": 0,
        "VALID": 0,
        "total": 100.0036063368273
    }
}