{
    "counter": {
        "ACTIVE": 6653,
        "INACTIVE": 2,
        "INVALID": 0,
        "MALICIOUS": 0,
        "SANE": 0,
        "VALID": 0,
        "total": 6655
    },
    "percentage": {
        "ACTIVE": 99.96994740796394,
        "INACTIVE": 0.03447087211306446,
        "INVALID": 0,
        "MALICIOUS": 0,
        "SANE": 0,
        "VALID": 0,
        "total": 100.004418280077
    }
}