{
    "counter": {
        "ACTIVE": 5832,
        "INACTIVE": 2,
        "INVALID": 0,
        "MALICIOUS": 0,
        "SANE": 0,
        "VALID": 0,
        "total": 5834
    },
    "percentage": {
        "ACTIVE": 99.96571820363387,
        "INACTIVE": 0.040290088638195005,
        "INVALID": 0,
        "MALICIOUS": 0,
        "SANE": 0,
        "VALID": 0,
        "total": 100.00600829227207
    }
}