{
    "counter": {
        "ACTIVE": 4207,
        "INACTIVE": 1,
        "INVALID": 0,
        "MALICIOUS": 0,
        "SANE": 0,
        "VALID": 0,
        "total": 4208
    },
    "percentage": {
        "ACTIVE": 99.97623574144487,
        "INACTIVE": 0.3472222222222222,
        "INVALID": 0,
        "MALICIOUS": 0,
        "SANE": 0,
        "VALID": 0,
        "total": 100.3234579636671
    }
}