{
    "counter": {
        "ACTIVE": 5641,
        "INACTIVE": 51,
        "INVALID": 0,
        "MALICIOUS": 0,
        "SANE": 0,
        "VALID": 0,
        "total": 5692
    },
    "percentage": {
        "ACTIVE": 99.10400562192551,
        "INACTIVE": 0.9139784946236559,
        "INVALID": 0,
        "MALICIOUS": 0,
        "SANE": 0,
        "VALID": 0,
        "total": 100.01798411654916
    }
}