{
    "counter": {
        "ACTIVE": 6746,
        "INACTIVE": 1,
        "INVALID": 0,
        "MALICIOUS": 0,
        "SANE": 0,
        "VALID": 0,
        "total": 6747
    },
    "percentage": {
        "ACTIVE": 99.98517859789536,
        "INACTIVE": 0.01896813353566009,
        "INVALID": 0,
        "MALICIOUS": 0,
        "SANE": 0,
        "VALID": 0,
        "total": 100.00414673143102
    }
}