{
    "counter": {
        "ACTIVE": 4778,
        "INACTIVE": 1,
        "INVALID": 0,
        "MALICIOUS": 0,
        "SANE": 0,
        "VALID": 0,
        "total": 4779
    },
    "percentage": {
        "ACTIVE": 99.97907512031806,
        "INACTIVE": 0.3472222222222222,
        "INVALID": 0,
        "MALICIOUS": 0,
        "SANE": 0,
        "VALID": 0,
        "total": 100.32629734254029
    }
}