{
    "counter": {
        "ACTIVE": 7025,
        "INACTIVE": 1,
        "INVALID": 0,
        "MALICIOUS": 0,
        "SANE": 0,
        "VALID": 0,
        "total": 7026
    },
    "percentage": {
        "ACTIVE": 99.98576715058354,
        "INACTIVE": 0.015878056525881232,
        "INVALID": 0,
        "MALICIOUS": 0,
        "SANE": 0,
        "VALID": 0,
        "total": 100.00164520710942
    }
}