{
    "counter": {
        "ACTIVE": 2723,
        "INACTIVE": 1,
        "INVALID": 0,
        "MALICIOUS": 0,
        "SANE": 0,
        "VALID": 0,
        "total": 2724
    },
    "percentage": {
        "ACTIVE": 99.9632892804699,
        "INACTIVE": 0.3472222222222222,
        "INVALID": 0,
        "MALICIOUS": 0,
        "SANE": 0,
        "VALID": 0,
        "total": 100.31051150269212
    }
}