{
    "counter": {
        "ACTIVE": 8653,
        "INACTIVE": 1,
        "INVALID": 0,
        "MALICIOUS": 0,
        "SANE": 0,
        "VALID": 0,
        "total": 8654
    },
    "percentage": {
        "ACTIVE": 99.98844464987289,
        "INACTIVE": 0.016809547823163556,
        "INVALID": 0,
        "MALICIOUS": 0,
        "SANE": 0,
        "VALID": 0,
        "total": 100.00525419769605
    }
}