{
    "counter": {
        "ACTIVE": 8168,
        "INACTIVE": 1,
        "INVALID": 0,
        "MALICIOUS": 0,
        "SANE": 0,
        "VALID": 0,
        "total": 8169
    },
    "percentage": {
        "ACTIVE": 99.9877585995838,
        "INACTIVE": 0.3472222222222222,
        "INVALID": 0,
        "MALICIOUS": 0,
        "SANE": 0,
        "VALID": 0,
        "total": 100.33498082180603
    }
}