{
    "counter": {
        "ACTIVE": 1432,
        "INACTIVE": 2,
        "INVALID": 0,
        "MALICIOUS": 0,
        "SANE": 0,
        "VALID": 0,
        "total": 1434
    },
    "percentage": {
        "ACTIVE": 99.860529986053,
        "INACTIVE": 0.4175365344467641,
        "INVALID": 0,
        "MALICIOUS": 0,
        "SANE": 0,
        "VALID": 0,
        "total": 100.27806652049976
    }
}