{
    "counter": {
        "ACTIVE": 7443,
        "INACTIVE": 1,
        "INVALID": 0,
        "MALICIOUS": 0,
        "SANE": 0,
        "VALID": 0,
        "total": 7444
    },
    "percentage": {
        "ACTIVE": 99.98656636217088,
        "INACTIVE": 0.018218254691200583,
        "INVALID": 0,
        "MALICIOUS": 0,
        "SANE": 0,
        "VALID": 0,
        "total": 100.00478461686208
    }
}