{
    "counter": {
        "ACTIVE": 5928,
        "INACTIVE": 3,
        "INVALID": 0,
        "MALICIOUS": 0,
        "SANE": 0,
        "VALID": 0,
        "total": 5931
    },
    "percentage": {
        "ACTIVE": 99.94941831057157,
        "INACTIVE": 0.14492753623188406,
        "INVALID": 0,
        "MALICIOUS": 0,
        "SANE": 0,
        "VALID": 0,
        "total": 100.09434584680346
    }
}