{
    "counter": {
        "ACTIVE": 5597,
        "INACTIVE": 1,
        "INVALID": 0,
        "MALICIOUS": 0,
        "SANE": 0,
        "VALID": 0,
        "total": 5598
    },
    "percentage": {
        "ACTIVE": 99.98213647731333,
        "INACTIVE": 0.0189897455374098,
        "INVALID": 0,
        "MALICIOUS": 0,
        "SANE": 0,
        "VALID": 0,
        "total": 100.00112622285074
    }
}