{
    "counter": {
        "ACTIVE": 5589,
        "INACTIVE": 1,
        "INVALID": 0,
        "MALICIOUS": 0,
        "SANE": 0,
        "VALID": 0,
        "total": 5590
    },
    "percentage": {
        "ACTIVE": 99.98211091234347,
        "INACTIVE": 0.09871668311944719,
        "INVALID": 0,
        "MALICIOUS": 0,
        "SANE": 0,
        "VALID": 0,
        "total": 100.08082759546292
    }
}