{
    "counter": {
        "ACTIVE": 6215,
        "INACTIVE": 3,
        "INVALID": 0,
        "MALICIOUS": 0,
        "SANE": 0,
        "VALID": 0,
        "total": 6218
    },
    "percentage": {
        "ACTIVE": 99.95175297523319,
        "INACTIVE": 0.14492753623188406,
        "INVALID": 0,
        "MALICIOUS": 0,
        "SANE": 0,
        "VALID": 0,
        "total": 100.09668051146508
    }
}