{
    "counter": {
        "ACTIVE": 6923,
        "INACTIVE": 2,
        "INVALID": 0,
        "MALICIOUS": 0,
        "SANE": 0,
        "VALID": 0,
        "total": 6925
    },
    "percentage": {
        "ACTIVE": 99.971119133574,
        "INACTIVE": 0.03447087211306446,
        "INVALID": 0,
        "MALICIOUS": 0,
        "SANE": 0,
        "VALID": 0,
        "total": 100.00559000568707
    }
}