{
    "counter": {
        "ACTIVE": 6749,
        "INACTIVE": 1,
        "INVALID": 0,
        "MALICIOUS": 0,
        "SANE": 0,
        "VALID": 0,
        "total": 6750
    },
    "percentage": {
        "ACTIVE": 99.98518518518519,
        "INACTIVE": 0.016854879487611663,
        "INVALID": 0,
        "MALICIOUS": 0,
        "SANE": 0,
        "VALID": 0,
        "total": 100.0020400646728
    }
}