{
    "counter": {
        "ACTIVE": 6140,
        "INACTIVE": 1,
        "INVALID": 0,
        "MALICIOUS": 0,
        "SANE": 0,
        "VALID": 0,
        "total": 6141
    },
    "percentage": {
        "ACTIVE": 99.98371600716496,
        "INACTIVE": 0.018218254691200583,
        "INVALID": 0,
        "MALICIOUS": 0,
        "SANE": 0,
        "VALID": 0,
        "total": 100.00193426185616
    }
}