{
    "counter": {
        "ACTIVE": 8092,
        "INACTIVE": 7,
        "INVALID": 0,
        "MALICIOUS": 0,
        "SANE": 0,
        "VALID": 0,
        "total": 8099
    },
    "percentage": {
        "ACTIVE": 99.91356957649093,
        "INACTIVE": 0.0864945014209811,
        "INVALID": 0,
        "MALICIOUS": 0,
        "SANE": 0,
        "VALID": 0,
        "total": 100.00006407791192
    }
}