{
    "counter": {
        "ACTIVE": 8659,
        "INACTIVE": 1,
        "INVALID": 0,
        "MALICIOUS": 0,
        "SANE": 0,
        "VALID": 0,
        "total": 8660
    },
    "percentage": {
        "ACTIVE": 99.98845265588915,
        "INACTIVE": 0.01896813353566009,
        "INVALID": 0,
        "MALICIOUS": 0,
        "SANE": 0,
        "VALID": 0,
        "total": 100.00742078942481
    }
}