{
    "counter": {
        "ACTIVE": 7440,
        "INACTIVE": 2,
        "INVALID": 0,
        "MALICIOUS": 0,
        "SANE": 0,
        "VALID": 0,
        "total": 7442
    },
    "percentage": {
        "ACTIVE": 99.9731255038968,
        "INACTIVE": 0.028038693396887707,
        "INVALID": 0,
        "MALICIOUS": 0,
        "SANE": 0,
        "VALID": 0,
        "total": 100.00116419729369
    }
}