{
    "counter": {
        "ACTIVE": 8369,
        "INACTIVE": 1,
        "INVALID": 0,
        "MALICIOUS": 0,
        "SANE": 0,
        "VALID": 0,
        "total": 8370
    },
    "percentage": {
        "ACTIVE": 99.98805256869773,
        "INACTIVE": 0.016809547823163556,
        "INVALID": 0,
        "MALICIOUS": 0,
        "SANE": 0,
        "VALID": 0,
        "total": 100.00486211652088
    }
}