{
    "counter": {
        "ACTIVE": 8235,
        "INACTIVE": 1,
        "INVALID": 0,
        "MALICIOUS": 0,
        "SANE": 0,
        "VALID": 0,
        "total": 8236
    },
    "percentage": {
        "ACTIVE": 99.98785818358427,
        "INACTIVE": 0.015878056525881232,
        "INVALID": 0,
        "MALICIOUS": 0,
        "SANE": 0,
        "VALID": 0,
        "total": 100.00373624011014
    }
}