{
    "counter": {
        "ACTIVE": 8155,
        "INACTIVE": 1,
        "INVALID": 0,
        "MALICIOUS": 0,
        "SANE": 0,
        "VALID": 0,
        "total": 8156
    },
    "percentage": {
        "ACTIVE": 99.98773908778813,
        "INACTIVE": 0.029420417769932334,
        "INVALID": 0,
        "MALICIOUS": 0,
        "SANE": 0,
        "VALID": 0,
        "total": 100.01715950555806
    }
}