{
    "counter": {
        "ACTIVE": 4780,
        "INACTIVE": 1,
        "INVALID": 0,
        "MALICIOUS": 0,
        "SANE": 0,
        "VALID": 0,
        "total": 4781
    },
    "percentage": {
        "ACTIVE": 99.9790838736666,
        "INACTIVE": 0.025853154084798345,
        "INVALID": 0,
        "MALICIOUS": 0,
        "SANE": 0,
        "VALID": 0,
        "total": 100.0049370277514
    }
}