{
    "counter": {
        "ACTIVE": 8249,
        "INACTIVE": 8,
        "INVALID": 0,
        "MALICIOUS": 0,
        "SANE": 0,
        "VALID": 0,
        "total": 8257
    },
    "percentage": {
        "ACTIVE": 99.90311251059707,
        "INACTIVE": 0.09712273886123589,
        "INVALID": 0,
        "MALICIOUS": 0,
        "SANE": 0,
        "VALID": 0,
        "total": 100.0002352494583
    }
}