{
    "counter": {
        "ACTIVE": 8628,
        "INACTIVE": 13,
        "INVALID": 0,
        "MALICIOUS": 0,
        "SANE": 0,
        "VALID": 0,
        "total": 8641
    },
    "percentage": {
        "ACTIVE": 99.84955444971646,
        "INACTIVE": 0.1550202718817076,
        "INVALID": 0,
        "MALICIOUS": 0,
        "SANE": 0,
        "VALID": 0,
        "total": 100.00457472159817
    }
}