{
    "counter": {
        "ACTIVE": 3599,
        "INACTIVE": 1,
        "INVALID": 0,
        "MALICIOUS": 0,
        "SANE": 0,
        "VALID": 0,
        "total": 3600
    },
    "percentage": {
        "ACTIVE": 99.97222222222223,
        "INACTIVE": 0.09871668311944719,
        "INVALID": 0,
        "MALICIOUS": 0,
        "SANE": 0,
        "VALID": 0,
        "total": 100.07093890534168
    }
}