{
    "counter": {
        "ACTIVE": 4496,
        "INACTIVE": 1,
        "INVALID": 0,
        "MALICIOUS": 0,
        "SANE": 0,
        "VALID": 0,
        "total": 4497
    },
    "percentage": {
        "ACTIVE": 99.97776295307983,
        "INACTIVE": 0.3472222222222222,
        "INVALID": 0,
        "MALICIOUS": 0,
        "SANE": 0,
        "VALID": 0,
        "total": 100.32498517530206
    }
}