{
    "counter": {
        "ACTIVE": 8360,
        "INACTIVE": 11,
        "INVALID": 0,
        "MALICIOUS": 0,
        "SANE": 0,
        "VALID": 0,
        "total": 8371
    },
    "percentage": {
        "ACTIVE": 99.86859395532194,
        "INACTIVE": 0.13240250361097738,
        "INVALID": 0,
        "MALICIOUS": 0,
        "SANE": 0,
        "VALID": 0,
        "total": 100.00099645893292
    }
}