{
    "counter": {
        "ACTIVE": 2086,
        "INACTIVE": 3,
        "INVALID": 0,
        "MALICIOUS": 0,
        "SANE": 0,
        "VALID": 0,
        "total": 2089
    },
    "percentage": {
        "ACTIVE": 99.85639061752035,
        "INACTIVE": 0.14492753623188406,
        "INVALID": 0,
        "MALICIOUS": 0,
        "SANE": 0,
        "VALID": 0,
        "total": 100.00131815375224
    }
}