{
    "counter": {
        "ACTIVE": 8517,
        "INACTIVE": 1,
        "INVALID": 0,
        "MALICIOUS": 0,
        "SANE": 0,
        "VALID": 0,
        "total": 8518
    },
    "percentage": {
        "ACTIVE": 99.98826015496596,
        "INACTIVE": 0.012269938650306749,
        "INVALID": 0,
        "MALICIOUS": 0,
        "SANE": 0,
        "VALID": 0,
        "total": 100.00053009361626
    }
}