{
    "counter": {
        "ACTIVE": 7505,
        "INACTIVE": 1,
        "INVALID": 0,
        "MALICIOUS": 0,
        "SANE": 0,
        "VALID": 0,
        "total": 7506
    },
    "percentage": {
        "ACTIVE": 99.98667732480682,
        "INACTIVE": 0.3472222222222222,
        "INVALID": 0,
        "MALICIOUS": 0,
        "SANE": 0,
        "VALID": 0,
        "total": 100.33389954702905
    }
}