{
    "counter": {
        "ACTIVE": 5637,
        "INACTIVE": 1,
        "INVALID": 0,
        "MALICIOUS": 0,
        "SANE": 0,
        "VALID": 0,
        "total": 5638
    },
    "percentage": {
        "ACTIVE": 99.98226321390564,
        "INACTIVE": 0.025853154084798345,
        "INVALID": 0,
        "MALICIOUS": 0,
        "SANE": 0,
        "VALID": 0,
        "total": 100.00811636799044
    }
}