{
    "counter": {
        "ACTIVE": 3886,
        "INACTIVE": 1,
        "INVALID": 0,
        "MALICIOUS": 0,
        "SANE": 0,
        "VALID": 0,
        "total": 3887
    },
    "percentage": {
        "ACTIVE": 99.97427321842038,
        "INACTIVE": 0.029420417769932334,
        "INVALID": 0,
        "MALICIOUS": 0,
        "SANE": 0,
        "VALID": 0,
        "total": 100.0036936361903
    }
}