{
    "counter": {
        "ACTIVE": 5557,
        "INACTIVE": 2,
        "INVALID": 0,
        "MALICIOUS": 0,
        "SANE": 0,
        "VALID": 0,
        "total": 5559
    },
    "percentage": {
        "ACTIVE": 99.96402230617018,
        "INACTIVE": 0.040290088638195005,
        "INVALID": 0,
        "MALICIOUS": 0,
        "SANE": 0,
        "VALID": 0,
        "total": 100.00431239480838
    }
}