{
    "counter": {
        "ACTIVE": 7991,
        "INACTIVE": 1,
        "INVALID": 0,
        "MALICIOUS": 0,
        "SANE": 0,
        "VALID": 0,
        "total": 7992
    },
    "percentage": {
        "ACTIVE": 99.98748748748748,
        "INACTIVE": 0.3472222222222222,
        "INVALID": 0,
        "MALICIOUS": 0,
        "SANE": 0,
        "VALID": 0,
        "total": 100.33470970970971
    }
}