{
    "counter": {
        "ACTIVE": 5019,
        "INACTIVE": 1,
        "INVALID": 0,
        "MALICIOUS": 0,
        "SANE": 0,
        "VALID": 0,
        "total": 5020
    },
    "percentage": {
        "ACTIVE": 99.9800796812749,
        "INACTIVE": 0.029420417769932334,
        "INVALID": 0,
        "MALICIOUS": 0,
        "SANE": 0,
        "VALID": 0,
        "total": 100.00950009904483
    }
}