{
    "counter": {
        "ACTIVE": 6289,
        "INACTIVE": 55,
        "INVALID": 0,
        "MALICIOUS": 0,
        "SANE": 0,
        "VALID": 0,
        "total": 6344
    },
    "percentage": {
        "ACTIVE": 99.13303909205548,
        "INACTIVE": 0.9122574224581191,
        "INVALID": 0,
        "MALICIOUS": 0,
        "SANE": 0,
        "VALID": 0,
        "total": 100.04529651451361
    }
}