{
    "counter": {
        "ACTIVE": 5352,
        "INACTIVE": 1,
        "INVALID": 0,
        "MALICIOUS": 0,
        "SANE": 0,
        "VALID": 0,
        "total": 5353
    },
    "percentage": {
        "ACTIVE": 99.98131888660564,
        "INACTIVE": 0.3472222222222222,
        "INVALID": 0,
        "MALICIOUS": 0,
        "SANE": 0,
        "VALID": 0,
        "total": 100.32854110882786
    }
}