{
    "counter": {
        "ACTIVE": 7269,
        "INACTIVE": 1,
        "INVALID": 0,
        "MALICIOUS": 0,
        "SANE": 0,
        "VALID": 0,
        "total": 7270
    },
    "percentage": {
        "ACTIVE": 99.98624484181568,
        "INACTIVE": 0.016809547823163556,
        "INVALID": 0,
        "MALICIOUS": 0,
        "SANE": 0,
        "VALID": 0,
        "total": 100.00305438963883
    }
}