{
    "counter": {
        "ACTIVE": 8045,
        "INACTIVE": 1,
        "INVALID": 0,
        "MALICIOUS": 0,
        "SANE": 0,
        "VALID": 0,
        "total": 8046
    },
    "percentage": {
        "ACTIVE": 99.98757146408153,
        "INACTIVE": 0.0664451827242525,
        "INVALID": 0,
        "MALICIOUS": 0,
        "SANE": 0,
        "VALID": 0,
        "total": 100.05401664680578
    }
}