{
    "counter": {
        "ACTIVE": 7471,
        "INACTIVE": 4,
        "INVALID": 0,
        "MALICIOUS": 0,
        "SANE": 0,
        "VALID": 0,
        "total": 7475
    },
    "percentage": {
        "ACTIVE": 99.94648829431438,
        "INACTIVE": 0.09551098376313276,
        "INVALID": 0,
        "MALICIOUS": 0,
        "SANE": 0,
        "VALID": 0,
        "total": 100.04199927807751
    }
}