{
    "counter": {
        "ACTIVE": 1111,
        "INACTIVE": 1,
        "INVALID": 0,
        "MALICIOUS": 0,
        "SANE": 0,
        "VALID": 0,
        "total": 1112
    },
    "percentage": {
        "ACTIVE": 99.91007194244604,
        "INACTIVE": 0.09871668311944719,
        "INVALID": 0,
        "MALICIOUS": 0,
        "SANE": 0,
        "VALID": 0,
        "total": 100.00878862556549
    }
}