{
    "counter": {
        "ACTIVE": 2115,
        "INACTIVE": 1,
        "INVALID": 0,
        "MALICIOUS": 0,
        "SANE": 0,
        "VALID": 0,
        "total": 2116
    },
    "percentage": {
        "ACTIVE": 99.95274102079395,
        "INACTIVE": 0.3472222222222222,
        "INVALID": 0,
        "MALICIOUS": 0,
        "SANE": 0,
        "VALID": 0,
        "total": 100.29996324301618
    }
}