{
    "counter": {
        "ACTIVE": 3312,
        "INACTIVE": 2,
        "INVALID": 0,
        "MALICIOUS": 0,
        "SANE": 0,
        "VALID": 0,
        "total": 3314
    },
    "percentage": {
        "ACTIVE": 99.93964996982498,
        "INACTIVE": 0.4175365344467641,
        "INVALID": 0,
        "MALICIOUS": 0,
        "SANE": 0,
        "VALID": 0,
        "total": 100.35718650427175
    }
}