{
    "counter": {
        "ACTIVE": 8578,
        "INACTIVE": 1,
        "INVALID": 0,
        "MALICIOUS": 0,
        "SANE": 0,
        "VALID": 0,
        "total": 8579
    },
    "percentage": {
        "ACTIVE": 99.98834362979368,
        "INACTIVE": 0.025853154084798345,
        "INVALID": 0,
        "MALICIOUS": 0,
        "SANE": 0,
        "VALID": 0,
        "total": 100.01419678387848
    }
}