{
    "counter": {
        "ACTIVE": 8643,
        "INACTIVE": 4,
        "INVALID": 0,
        "MALICIOUS": 0,
        "SANE": 0,
        "VALID": 0,
        "total": 8647
    },
    "percentage": {
        "ACTIVE": 99.9537411819128,
        "INACTIVE": 0.09551098376313276,
        "INVALID": 0,
        "MALICIOUS": 0,
        "SANE": 0,
        "VALID": 0,
        "total": 100.04925216567594
    }
}