{
    "counter": {
        "ACTIVE": 8402,
        "INACTIVE": 1,
        "INVALID": 0,
        "MALICIOUS": 0,
        "SANE": 0,
        "VALID": 0,
        "total": 8403
    },
    "percentage": {
        "ACTIVE": 99.988099488278,
        "INACTIVE": 0.0664451827242525,
        "INVALID": 0,
        "MALICIOUS": 0,
        "SANE": 0,
        "VALID": 0,
        "total": 100.05454467100225
    }
}