{
    "counter": {
        "ACTIVE": 5316,
        "INACTIVE": 1,
        "INVALID": 0,
        "MALICIOUS": 0,
        "SANE": 0,
        "VALID": 0,
        "total": 5317
    },
    "percentage": {
        "ACTIVE": 99.9811924017303,
        "INACTIVE": 0.0189897455374098,
        "INVALID": 0,
        "MALICIOUS": 0,
        "SANE": 0,
        "VALID": 0,
        "total": 100.00018214726771
    }
}