{
    "counter": {
        "ACTIVE": 3891,
        "INACTIVE": 1,
        "INVALID": 0,
        "MALICIOUS": 0,
        "SANE": 0,
        "VALID": 0,
        "total": 3892
    },
    "percentage": {
        "ACTIVE": 99.9743062692703,
        "INACTIVE": 0.09871668311944719,
        "INVALID": 0,
        "MALICIOUS": 0,
        "SANE": 0,
        "VALID": 0,
        "total": 100.07302295238975
    }
}