{
    "counter": {
        "ACTIVE": 6979,
        "INACTIVE": 1,
        "INVALID": 0,
        "MALICIOUS": 0,
        "SANE": 0,
        "VALID": 0,
        "total": 6980
    },
    "percentage": {
        "ACTIVE": 99.98567335243553,
        "INACTIVE": 0.3472222222222222,
        "INVALID": 0,
        "MALICIOUS": 0,
        "SANE": 0,
        "VALID": 0,
        "total": 100.33289557465775
    }
}