{
    "counter": {
        "ACTIVE": 5358,
        "INACTIVE": 3,
        "INVALID": 0,
        "MALICIOUS": 0,
        "SANE": 0,
        "VALID": 0,
        "total": 5361
    },
    "percentage": {
        "ACTIVE": 99.94404029099049,
        "INACTIVE": 0.14492753623188406,
        "INVALID": 0,
        "MALICIOUS": 0,
        "SANE": 0,
        "VALID": 0,
        "total": 100.08896782722238
    }
}