{
    "counter": {
        "ACTIVE": 6135,
        "INACTIVE": 1,
        "INVALID": 0,
        "MALICIOUS": 0,
        "SANE": 0,
        "VALID": 0,
        "total": 6136
    },
    "percentage": {
        "ACTIVE": 99.98370273794002,
        "INACTIVE": 0.09871668311944719,
        "INVALID": 0,
        "MALICIOUS": 0,
        "SANE": 0,
        "VALID": 0,
        "total": 100.08241942105947
    }
}