{
    "counter": {
        "ACTIVE": 8251,
        "INACTIVE": 1,
        "INVALID": 0,
        "MALICIOUS": 0,
        "SANE": 0,
        "VALID": 0,
        "total": 8252
    },
    "percentage": {
        "ACTIVE": 99.98788172564227,
        "INACTIVE": 0.01256913021618904,
        "INVALID": 0,
        "MALICIOUS": 0,
        "SANE": 0,
        "VALID": 0,
        "total": 100.00045085585846
    }
}