{
    "counter": {
        "ACTIVE": 8217,
        "INACTIVE": 8,
        "INVALID": 0,
        "MALICIOUS": 0,
        "SANE": 0,
        "VALID": 0,
        "total": 8225
    },
    "percentage": {
        "ACTIVE": 99.90273556231003,
        "INACTIVE": 0.09785932721712538,
        "INVALID": 0,
        "MALICIOUS": 0,
        "SANE": 0,
        "VALID": 0,
        "total": 100.00059488952715
    }
}