{
    "counter": {
        "ACTIVE": 8643,
        "INACTIVE": 1,
        "INVALID": 0,
        "MALICIOUS": 0,
        "SANE": 0,
        "VALID": 0,
        "total": 8644
    },
    "percentage": {
        "ACTIVE": 99.98843128181397,
        "INACTIVE": 0.0664451827242525,
        "INVALID": 0,
        "MALICIOUS": 0,
        "SANE": 0,
        "VALID": 0,
        "total": 100.05487646453822
    }
}