{
    "counter": {
        "ACTIVE": 8658,
        "INACTIVE": 1,
        "INVALID": 0,
        "MALICIOUS": 0,
        "SANE": 0,
        "VALID": 0,
        "total": 8659
    },
    "percentage": {
        "ACTIVE": 99.9884513223236,
        "INACTIVE": 0.0664451827242525,
        "INVALID": 0,
        "MALICIOUS": 0,
        "SANE": 0,
        "VALID": 0,
        "total": 100.05489650504785
    }
}