{
    "counter": {
        "ACTIVE": 3370,
        "INACTIVE": 30,
        "INVALID": 0,
        "MALICIOUS": 0,
        "SANE": 0,
        "VALID": 0,
        "total": 3400
    },
    "percentage": {
        "ACTIVE": 99.11764705882354,
        "INACTIVE": 0.8902077151335311,
        "INVALID": 0,
        "MALICIOUS": 0,
        "SANE": 0,
        "VALID": 0,
        "total": 100.00785477395706
    }
}