{
    "counter": {
        "ACTIVE": 7001,
        "INACTIVE": 1,
        "INVALID": 0,
        "MALICIOUS": 0,
        "SANE": 0,
        "VALID": 0,
        "total": 7002
    },
    "percentage": {
        "ACTIVE": 99.98571836618109,
        "INACTIVE": 0.025853154084798345,
        "INVALID": 0,
        "MALICIOUS": 0,
        "SANE": 0,
        "VALID": 0,
        "total": 100.01157152026589
    }
}