{
    "counter": {
        "ACTIVE": 6926,
        "INACTIVE": 1,
        "INVALID": 0,
        "MALICIOUS": 0,
        "SANE": 0,
        "VALID": 0,
        "total": 6927
    },
    "percentage": {
        "ACTIVE": 99.98556373610509,
        "INACTIVE": 0.018218254691200583,
        "INVALID": 0,
        "MALICIOUS": 0,
        "SANE": 0,
        "VALID": 0,
        "total": 100.0037819907963
    }
}