{
    "counter": {
        "ACTIVE": 6193,
        "INACTIVE": 1,
        "INVALID": 0,
        "MALICIOUS": 0,
        "SANE": 0,
        "VALID": 0,
        "total": 6194
    },
    "percentage": {
        "ACTIVE": 99.98385534388117,
        "INACTIVE": 0.01896813353566009,
        "INVALID": 0,
        "MALICIOUS": 0,
        "SANE": 0,
        "VALID": 0,
        "total": 100.00282347741684
    }
}