{
    "counter": {
        "ACTIVE": 6768,
        "INACTIVE": 3,
        "INVALID": 0,
        "MALICIOUS": 0,
        "SANE": 0,
        "VALID": 0,
        "total": 6771
    },
    "percentage": {
        "ACTIVE": 99.95569339831636,
        "INACTIVE": 0.14492753623188406,
        "INVALID": 0,
        "MALICIOUS": 0,
        "SANE": 0,
        "VALID": 0,
        "total": 100.10062093454825
    }
}