{
    "counter": {
        "ACTIVE": 7553,
        "INACTIVE": 1,
        "INVALID": 0,
        "MALICIOUS": 0,
        "SANE": 0,
        "VALID": 0,
        "total": 7554
    },
    "percentage": {
        "ACTIVE": 99.98676198040773,
        "INACTIVE": 0.0664451827242525,
        "INVALID": 0,
        "MALICIOUS": 0,
        "SANE": 0,
        "VALID": 0,
        "total": 100.05320716313199
    }
}