{
    "counter": {
        "ACTIVE": 5624,
        "INACTIVE": 1,
        "INVALID": 0,
        "MALICIOUS": 0,
        "SANE": 0,
        "VALID": 0,
        "total": 5625
    },
    "percentage": {
        "ACTIVE": 99.98222222222222,
        "INACTIVE": 0.01896813353566009,
        "INVALID": 0,
        "MALICIOUS": 0,
        "SANE": 0,
        "VALID": 0,
        "total": 100.00119035575788
    }
}