{
    "counter": {
        "ACTIVE": 1441,
        "INACTIVE": 6,
        "INVALID": 0,
        "MALICIOUS": 0,
        "SANE": 0,
        "VALID": 0,
        "total": 1447
    },
    "percentage": {
        "ACTIVE": 99.58534899792674,
        "INACTIVE": 0.4243281471004243,
        "INVALID": 0,
        "MALICIOUS": 0,
        "SANE": 0,
        "VALID": 0,
        "total": 100.00967714502717
    }
}