{
    "counter": {
        "ACTIVE": 7460,
        "INACTIVE": 2,
        "INVALID": 0,
        "MALICIOUS": 0,
        "SANE": 0,
        "VALID": 0,
        "total": 7462
    },
    "percentage": {
        "ACTIVE": 99.97319753417314,
        "INACTIVE": 0.03447087211306446,
        "INVALID": 0,
        "MALICIOUS": 0,
        "SANE": 0,
        "VALID": 0,
        "total": 100.0076684062862
    }
}