{
    "counter": {
        "ACTIVE": 5354,
        "INACTIVE": 1,
        "INVALID": 0,
        "MALICIOUS": 0,
        "SANE": 0,
        "VALID": 0,
        "total": 5355
    },
    "percentage": {
        "ACTIVE": 99.9813258636788,
        "INACTIVE": 0.0664451827242525,
        "INVALID": 0,
        "MALICIOUS": 0,
        "SANE": 0,
        "VALID": 0,
        "total": 100.04777104640306
    }
}